{"version":"1.4.0","project":{"name":"model_f7c48b314f-1767fd0167","directory":"c:\\Users\\flori\\Documents\\GitHub\\Hearts\\src\\main\\scala\\de\\htwg\\se\\Hearts\\model\\.scala-build","workspaceDir":"c:\\Users\\flori\\Documents\\GitHub\\Hearts\\src\\main\\scala\\de\\htwg\\se\\Hearts\\model","sources":["c:\\Users\\flori\\Documents\\GitHub\\Hearts\\src\\main\\scala\\de\\htwg\\se\\Hearts\\model\\Trick.scala"],"dependencies":[],"classpath":["C:\\Users\\flori\\AppData\\Local\\Coursier\\cache\\arc\\https\\github.com\\scala\\scala3\\releases\\download\\3.6.4\\scala3-3.6.4-x86_64-pc-win32.zip\\scala3-3.6.4-x86_64-pc-win32\\maven2\\org\\scala-lang\\scala3-library_3\\3.6.4\\scala3-library_3-3.6.4.jar","C:\\Users\\flori\\AppData\\Local\\Coursier\\cache\\arc\\https\\github.com\\scala\\scala3\\releases\\download\\3.6.4\\scala3-3.6.4-x86_64-pc-win32.zip\\scala3-3.6.4-x86_64-pc-win32\\maven2\\org\\scala-lang\\scala-library\\2.13.15\\scala-library-2.13.15.jar"],"out":"c:\\Users\\flori\\Documents\\GitHub\\Hearts\\src\\main\\scala\\de\\htwg\\se\\Hearts\\model\\.scala-build\\.bloop\\model_f7c48b314f-1767fd0167","classesDir":"c:\\Users\\flori\\Documents\\GitHub\\Hearts\\src\\main\\scala\\de\\htwg\\se\\Hearts\\model\\.scala-build\\model_f7c48b314f-1767fd0167\\classes\\main","scala":{"organization":"org.scala-lang","name":"scala-compiler","version":"3.6.4","options":["-sourceroot","c:\\Users\\flori\\Documents\\GitHub\\Hearts\\src\\main\\scala\\de\\htwg\\se\\Hearts\\model"],"jars":["C:\\Users\\flori\\AppData\\Local\\Coursier\\cache\\arc\\https\\github.com\\scala\\scala3\\releases\\download\\3.6.4\\scala3-3.6.4-x86_64-pc-win32.zip\\scala3-3.6.4-x86_64-pc-win32\\maven2\\org\\scala-lang\\scala3-compiler_3\\3.6.4\\scala3-compiler_3-3.6.4.jar","C:\\Users\\flori\\AppData\\Local\\Coursier\\cache\\arc\\https\\github.com\\scala\\scala3\\releases\\download\\3.6.4\\scala3-3.6.4-x86_64-pc-win32.zip\\scala3-3.6.4-x86_64-pc-win32\\maven2\\org\\scala-lang\\scala3-interfaces\\3.6.4\\scala3-interfaces-3.6.4.jar","C:\\Users\\flori\\AppData\\Local\\Coursier\\cache\\arc\\https\\github.com\\scala\\scala3\\releases\\download\\3.6.4\\scala3-3.6.4-x86_64-pc-win32.zip\\scala3-3.6.4-x86_64-pc-win32\\maven2\\org\\scala-lang\\scala3-library_3\\3.6.4\\scala3-library_3-3.6.4.jar","C:\\Users\\flori\\AppData\\Local\\Coursier\\cache\\arc\\https\\github.com\\scala\\scala3\\releases\\download\\3.6.4\\scala3-3.6.4-x86_64-pc-win32.zip\\scala3-3.6.4-x86_64-pc-win32\\maven2\\org\\scala-lang\\tasty-core_3\\3.6.4\\tasty-core_3-3.6.4.jar","C:\\Users\\flori\\AppData\\Local\\Coursier\\cache\\arc\\https\\github.com\\scala\\scala3\\releases\\download\\3.6.4\\scala3-3.6.4-x86_64-pc-win32.zip\\scala3-3.6.4-x86_64-pc-win32\\maven2\\org\\scala-lang\\modules\\scala-asm\\9.7.1-scala-1\\scala-asm-9.7.1-scala-1.jar","C:\\Users\\flori\\AppData\\Local\\Coursier\\cache\\arc\\https\\github.com\\scala\\scala3\\releases\\download\\3.6.4\\scala3-3.6.4-x86_64-pc-win32.zip\\scala3-3.6.4-x86_64-pc-win32\\maven2\\org\\scala-sbt\\compiler-interface\\1.10.4\\compiler-interface-1.10.4.jar","C:\\Users\\flori\\AppData\\Local\\Coursier\\cache\\arc\\https\\github.com\\scala\\scala3\\releases\\download\\3.6.4\\scala3-3.6.4-x86_64-pc-win32.zip\\scala3-3.6.4-x86_64-pc-win32\\maven2\\org\\jline\\jline-reader\\3.27.1\\jline-reader-3.27.1.jar","C:\\Users\\flori\\AppData\\Local\\Coursier\\cache\\arc\\https\\github.com\\scala\\scala3\\releases\\download\\3.6.4\\scala3-3.6.4-x86_64-pc-win32.zip\\scala3-3.6.4-x86_64-pc-win32\\maven2\\org\\jline\\jline-terminal\\3.27.1\\jline-terminal-3.27.1.jar","C:\\Users\\flori\\AppData\\Local\\Coursier\\cache\\arc\\https\\github.com\\scala\\scala3\\releases\\download\\3.6.4\\scala3-3.6.4-x86_64-pc-win32.zip\\scala3-3.6.4-x86_64-pc-win32\\maven2\\org\\jline\\jline-terminal-jni\\3.27.1\\jline-terminal-jni-3.27.1.jar","C:\\Users\\flori\\AppData\\Local\\Coursier\\cache\\arc\\https\\github.com\\scala\\scala3\\releases\\download\\3.6.4\\scala3-3.6.4-x86_64-pc-win32.zip\\scala3-3.6.4-x86_64-pc-win32\\maven2\\org\\scala-lang\\scala-library\\2.13.15\\scala-library-2.13.15.jar","C:\\Users\\flori\\AppData\\Local\\Coursier\\cache\\arc\\https\\github.com\\scala\\scala3\\releases\\download\\3.6.4\\scala3-3.6.4-x86_64-pc-win32.zip\\scala3-3.6.4-x86_64-pc-win32\\maven2\\org\\scala-sbt\\util-interface\\1.10.4\\util-interface-1.10.4.jar","C:\\Users\\flori\\AppData\\Local\\Coursier\\cache\\arc\\https\\github.com\\scala\\scala3\\releases\\download\\3.6.4\\scala3-3.6.4-x86_64-pc-win32.zip\\scala3-3.6.4-x86_64-pc-win32\\maven2\\org\\jline\\jline-native\\3.27.1\\jline-native-3.27.1.jar"],"bridgeJars":["C:\\Users\\flori\\AppData\\Local\\Coursier\\cache\\arc\\https\\github.com\\scala\\scala3\\releases\\download\\3.6.4\\scala3-3.6.4-x86_64-pc-win32.zip\\scala3-3.6.4-x86_64-pc-win32\\maven2\\org\\scala-lang\\scala3-sbt-bridge\\3.6.4\\scala3-sbt-bridge-3.6.4.jar"]},"java":{"options":[]},"platform":{"name":"jvm","config":{"home":"C:\\Users\\flori\\AppData\\Local\\Coursier\\cache\\arc\\https\\github.com\\adoptium\\temurin17-binaries\\releases\\download\\jdk-17.0.14%252B7\\OpenJDK17U-jdk_x64_windows_hotspot_17.0.14_7.zip\\jdk-17.0.14+7","options":[]},"mainClass":[]},"resolution":{"modules":[{"organization":"org.scala-lang","name":"scala3-library_3","version":"3.6.4","artifacts":[{"name":"scala3-library_3","path":"C:\\Users\\flori\\AppData\\Local\\Coursier\\cache\\arc\\https\\github.com\\scala\\scala3\\releases\\download\\3.6.4\\scala3-3.6.4-x86_64-pc-win32.zip\\scala3-3.6.4-x86_64-pc-win32\\maven2\\org\\scala-lang\\scala3-library_3\\3.6.4\\scala3-library_3-3.6.4.jar"}]},{"organization":"org.scala-lang","name":"scala-library","version":"2.13.15","artifacts":[{"name":"scala-library","path":"C:\\Users\\flori\\AppData\\Local\\Coursier\\cache\\arc\\https\\github.com\\scala\\scala3\\releases\\download\\3.6.4\\scala3-3.6.4-x86_64-pc-win32.zip\\scala3-3.6.4-x86_64-pc-win32\\maven2\\org\\scala-lang\\scala-library\\2.13.15\\scala-library-2.13.15.jar"}]}]},"tags":["library"]}}