{
  "name": "scala",
  "argv": [
    "C:\\Users\\flori\\AppData\\Local\\Coursier\\cache\\arc\\https\\github.com\\scala\\scala3\\releases\\download\\3.6.4\\scala3-3.6.4-x86_64-pc-win32.zip\\scala3-3.6.4-x86_64-pc-win32\\libexec\\scala-cli.exe",
    "--cli-default-scala-version",
    "3.6.4",
    "--repository",
    "file:///C:/Users/flori/AppData/Local/Coursier/cache/arc/https/github.com/scala/scala3/releases/download/3.6.4/scala3-3.6.4-x86_64-pc-win32.zip/scala3-3.6.4-x86_64-pc-win32/maven2",
    "--prog-name",
    "scala",
    "--skip-cli-updates",
    "bsp",
    "--json-options",
    "c:\\Users\\flori\\Documents\\GitHub\\Hearts\\src\\main\\scala\\de\\htwg\\se\\Hearts\\model\\.scala-build\\ide-options-v2.json",
    "--json-launcher-options",
    "c:\\Users\\flori\\Documents\\GitHub\\Hearts\\src\\main\\scala\\de\\htwg\\se\\Hearts\\model\\.scala-build\\ide-launcher-options.json",
    "--envs-file",
    "c:\\Users\\flori\\Documents\\GitHub\\Hearts\\src\\main\\scala\\de\\htwg\\se\\Hearts\\model\\.scala-build\\ide-envs.json",
    "c:\\Users\\flori\\Documents\\GitHub\\Hearts\\src\\main\\scala\\de\\htwg\\se\\Hearts\\model\\Trick.scala"
  ],
  "version": "1.5.4",
  "bspVersion": "2.1.1",
  "languages": [
    "scala",
    "java"
  ]
}